id,subreddit,title,text
knzoe8,Bombing,Rest easy MF DOOM,
cxkhpc,Bombing,Nice vowels my guy,
e8e4pq,Bombing,Aneko,
e60xj0,Bombing,"GETNUP, Melbourne Australia.",
nilakf,Bombing,RAZOR,
hv8l7f,Bombing,RAZOR,
b6nfb5,Bombing,Chaka LOD x NY,
a2fggh,Bombing,When you have the homies sign your cast,
cynrxt,Bombing,Completely covered,
v84m4v,Bombing,Razor,
an5v36,Bombing,Dade fucking county murking shit,
ktpm73,Bombing,GESER,
yx2xkc,Bombing,I don't even know...but I fuck with it.,
b2ij20,Bombing,Steel MSK. Probably one of the greatest rollers of all time,
ufbt6g,Bombing,"MF DOOM. Portland, OR",
gt4hlb,Bombing,CRASH,
ijy730,Bombing,AERUB.,
gw1xjc,Bombing,"I fucks with swampy so heavy, dude is rad",
gmyqsp,Bombing,NOBLE,
atznga,Bombing,Graffiti artist goes over street art in Brooklyn while it's being patient.,
rnmvjd,Bombing,VAILS,
b8y4in,Bombing,Berlin wholetrain after railwork strike this monday,
aqm2ym,Bombing,Nasty!,
yv12nu,Bombing,"San Diego, Ca. (via local sub)",
wdob39,Bombing,I love seeing rooftops absolutely destroyed like this,
bf6534,Bombing,Poughkeepsie NY,
a6hi1k,Bombing,BUGE...Hollywood.....this shit is insane,
fn2a8y,Bombing,Racecar US BKF (SF),
glu5y3,Bombing,SMITE,
bpe4u4,Bombing,RIP Dream,
d51kzd,Bombing,R by M,
zzd0fo,Bombing,Wrong paint. (from r/mildlyvandalised). 4 - 7 ¬∞C,
s3t4vu,Bombing,KICKBOXER WHOLE TRAIN ‚ôªÔ∏è,
tz00fw,Bombing,Tripl 'TRAINCEPTION',
dv5lfz,Bombing,"Seen today, LA",
j0e7yx,Bombing,Was pissed off my train was delayed until this bad boy rolled in,
frulnu,Bombing,"YOGRT, Detroit, 2014",
a1o6sq,Bombing,Neckface,
hq03us,Bombing,MOSES,
8mjjsx,Bombing,Edge,
ezovhb,Bombing,Dr.Sex Merch Savie Chaka - freeway driveby,
p5joar,Bombing,Heads or tails?,
u6f4wd,Bombing,Sluto,
hao3uw,Bombing,TEXAS,
awij7o,Bombing,GANE x TEXAS in New York,
ip1ugg,Bombing,SLUTO,
w9hl89,Bombing,Heavy Metal üé∏,
l1ra0x,Bombing,SLUTO oneliner,
f8c5gy,Bombing,Hospital 25,
zz4m2r,Bombing,found at the tracks...,
akzlio,Bombing,"PEAR saying fuck your surveillance | Union Square, NYC",
f3gi0p,Bombing,RUIN,
103uo14,Bombing,Sluto 2023,
hy8wz3,Bombing,Kids These Days,
w6iub0,Bombing,"Sluto mosaic piece - r/graffiti removed it, I hope it's kosher here. It's too cool for r/streetart.",
nbq1y8,Bombing,Afor,
y4mvzr,Bombing,GEEP,
9az6vs,Bombing,"Left my phone at a bar to go to the bathroom and when i came back some dickhead scribbled on it, does anyone know this asshole?",
9kv1jc,Bombing,Air bombing is a thing,
mrd8yb,Bombing,Gouge,
i30djc,Bombing,King Gyer. It is SO FUCKING CLEAN.,
fobo6o,Bombing,"August 10, New York.",
dezpk8,Bombing,"Paradox at it again in front of my work in Berlin, Neuk√∂lln",
aoyrzm,Bombing,Gong.,
w5eq2k,Bombing,wholetrain at sunset from winter (brooklyn),
egbucm,Bombing,Mail box in NYC,
m4zy3k,Bombing,Chinatown rooftops,
ayigox,Bombing,In the Night,
jow3f4,Bombing,just rolled through my neighborhood,
h7j0bf,Bombing,"HALF DEAD - Houston, TX",
z87w1w,Bombing,ICHABOD,
8qkh8o,Bombing,Sipping on that big drinkie poo in the sky,
10u7e5v,Bombing,CumAss,
a96duu,Bombing,"SLUTS in Newark, NJ",
i238q2,Bombing,This rugged af üëâ SMITE,
cvxwf5,Bombing,LADY K 156,
l0r5yl,Bombing,"Pegas- all flare, no outline",
gs0v12,Bombing,crash with another heaven spot,
f7wy9h,Bombing,Supreme Savie in action (San Francisco),
9oqfk6,Bombing,Baer on that innovative shit again,
qm69p3,Bombing,Goodbye Graffiti asked for it (Seattle BTM),
c3r0t3,Bombing,Mutiny,
9uqw8n,Bombing,Nesta OSD oneflow throw,
qwrui1,Bombing,SPAIN - Philly,
kd36ls,Bombing,Bad News in Chicago,
anv0jt,Bombing,Bobsled tracks from 84 Winter Olympics in Sarajevo. I was told you guys might like it too.,
f0n7ik,Bombing,Graffiti for the deaf,
ll6rbn,Bombing,"Let‚Äôs try this again...only because it‚Äôs worth seeing. Espo painting 5 massive gates in broad daylight, Manhattan 1999. Clip from an ole ‚ÄúOn The Go‚Äù VHS.",
dosfws,Bombing,NECKFACE!!!,
guzhhl,Bombing,VOMIT,
ixr0pc,Bombing,TEXAS,
q6rht8,Bombing,SAUTE KILLS,
jznub7,Bombing,SALMOS,
fdfm39,Bombing,VALUE,
mms7e6,Bombing,Texas ... In PA,
7wua5b,Bombing,I M P E R M A N E N C E,
kxktsh,Bombing,Konqr,
bhwc0b,Bombing,WASP spotted in Central Florida,
zbtiec,Bombing,Teach your friends to not go over shit if you‚Äôre exploring the yards. Don‚Äôt be like this young ass uneducated bitch below.,
bd66p9,Bombing,Critters,
j4iceb,Bombing,Legendary Seen LA,
enmvqv,Bombing,Whole car bomb.,
ih533g,Bombing,JNCO BTR,
hisywm,Bombing,Thre1 - Mr.Moneybags roller,
xiffia,Bombing,Ich stacking skulls,
9pvhsx,Bombing,Pump marker,
r9lh91,Bombing,Jnco BTR,
kzyq4q,Bombing,MidWestRails,
lb5l3d,Bombing,Hoax,
l6medy,Bombing,CRASHCRASHCRASHCRASHCRASHCRASHCRASHCRASHCRASHCRASHCRASH,
iouy0h,Bombing,ADZE.,
110gm9y,Bombing,sluto,
u50gir,Bombing,Krome,
hw5cwt,Bombing,Kuma,
xm3qja,Bombing,Fat Roller (Red Eye Mob),
8c550l,Bombing,1up on Mediterranean Sky Shipwreck.,
gbopbz,Bombing,Heaven spots- ADZE & ZION,
lsegk4,Bombing,Got the screenshot boys!,
hfscot,Bombing,Not OC but I had to share,
azt8sg,Bombing,Four,
jpc4q1,Bombing,BAT speakin facts,
nq4bu8,Bombing,Neckface freight,
tfy4sk,Bombing,KING GYER ‚ôªÔ∏è,
9vbpnz,Bombing,Look on the bright side,
jr99oo,Bombing,GULLY,
9jgc4m,Bombing,Doing Illegal Biz,
8314im,Bombing,fucking crazy right?,
lkrnum,Bombing,"Portland, OR",
mlvglx,Bombing,Some Seattle Hands,
elogox,Bombing,"Show Must Go On (New York Whole Car action, 2018)",
lvajrc,Bombing,DOOM tribute with a fading PK KID,
jswdfp,Bombing,Jeans BTR down-fade,
n6x0mw,Bombing,New York City,
iksbn2,Bombing,BAER - ANATOMY OF A SERIAL FILLER,
g0kfet,Bombing,What a TWIST!,
9721qu,Bombing,Konqr,
ne5ixa,Bombing,"Forte, Toronto",
nvzi5f,Bombing,TERU Seattle,
dfi5y7,Bombing,MidWestRails,
i7qp7e,Bombing,MOSES,
koh6tm,Bombing,MF DOOM in Shoreditch (x-post r/Graffiti),
8m5cgn,Bombing,Nasty rat,
r199qb,Bombing,WESH ‚ôªÔ∏èüöî,
bcbpyr,Bombing,Brite Thr ripJade,
xz8hlv,Bombing,Zam LNE,
avynzw,Bombing,Kendrick?,
aoif50,Bombing,This is so sweet.,
b278yo,Bombing,MidWestRails,
axsrmb,Bombing,Quick Drop,
ypqn37,Bombing,Wombat returns to claim her spot after being covered. Writers: Wombat‚Ä¢Plan9,
n7zah6,Bombing,RIGS IPC NSF,
e9s3ph,Bombing,RIP ZEXOR,
yhknb2,Bombing,Vayne making the Seattle News‚Ä¶,
o9xl9d,Bombing,RIP AWARE,
aheyeg,Bombing,Congrats,
lix8d3,Bombing,Stile VLOK (Brazil),
e4jrvt,Bombing,REVOK through time,
m0hrx9,Bombing,Sluto,
eb3k2y,Bombing,Mr.moneybags √ó2,
arl0hu,Bombing,This subway in Romania,
m476mp,Bombing,Dat shading,
dyzjvo,Bombing,Doubled up,
jdmglv,Bombing,"I have a few theories, but I‚Äôm curious what you guys think",
9h8lks,Bombing,Baer 4:20AM,
i9zkis,Bombing,"GANE, VAYNE, GLARE",
equxnb,Bombing,original content lol,
us50es,Bombing,Retard,
d2t7zs,Bombing,POST ONE,
11omvof,Bombing,Guido TCU Crew.. Seattle,
nr16rx,Bombing,MidWestRails,
evhrml,Bombing,forgot where i found this or what it says but looks good,
aw9gxd,Bombing,One of the craziest ICHs I have ever seen.,
o8c5m4,Bombing,HAMER,
iuh8y6,Bombing,"Dr. Sex, NYC",
cqyz4h,Bombing,What most public restrooms in Brooklyn look like,
pw5ijx,Bombing,Underground Tunnel Lurkers,
a7oso9,Bombing,Color Bars,
ct47j6,Bombing,You‚Äôll float,
ciw21x,Bombing,"Bombed USPS Truck | Brooklyn, NYC",
v1dnox,Bombing,Baer BTR,
l8ln10,Bombing,"SAID, this guy produced crazy pieces, unfortunately a lot are fading away now",
bqi2eb,Bombing,Big View,
r5p7hd,Bombing,ICH (not my flick),
lg3zci,Bombing,BEAN with the ASL,
chondu,Bombing,Mural on semi truck,
c09osi,Bombing,MidwestRails,
ay77ps,Bombing,Gane 2buck,
nj9jts,Bombing,MidWestRails,
lhtpey,Bombing,Frustrated 2G,
lcgo2a,Bombing,OBUR,
kvbuvb,Bombing,Gane & Texas,
lfqns1,Bombing,RIP,
rxgmyj,Bombing,SEEEEEN ‚ôªÔ∏è,
nsoxo5,Bombing,RIP AWARE,
sb3qee,Bombing,Can control,
f8r8y8,Bombing,1UP in NYC,
blcta8,Bombing,Dr. Sex ~ NYC,
mjm97z,Bombing,Not my flick but holy shit. KYT Crew,
11zygpk,Bombing,MECRO,
kqcvt1,Bombing,SMITH..DINK..‚ÄùHiding from the Train‚Äù,
fk45td,Bombing,MidWestRails,
ncll11,Bombing,Saute (no face no case),
mscpom,Bombing,AIDZ in LA,
zuyj17,Bombing,Gane,
m5lyx4,Bombing,ViBES - the shader returns,
lnf2fd,Bombing,Local entrepreneur in Sacramento,
kzim8z,Bombing,USPS nyc,
itaydq,Bombing,SLUTS CREW.,
eyo7vq,Bombing,DR SEX in action,
eeqw7o,Bombing,The best festive piece of all time. Whole train by King Robbo (RIP) and Drax,
cvkdoh,Bombing,Hard to believe this was ‚Äò85,
asbk7w,Bombing,TITS,
hrjv74,Bombing,I wonder what all the ‚ÄúI love street art but not graffiti‚Äù people will think about this,
ipi6q4,Bombing,DISTORT,
ae4s02,Bombing,"Same piece i shot yesterday,but with light",
jd3yxg,Bombing,SAVIE Atlanta,
elhsfx,Bombing,NeckBat,
aeuxi7,Bombing,"SOOTY, Tunnel Urchins (London Underground)",
v6excp,Bombing,Cheez,
efqpe3,Bombing,Damn Neck!,
i4lxrf,Bombing,Getnup x5,
a555du,Bombing,Something different from Tunisia,
xwgdbc,Bombing,ZIGZAG,
wsm1bi,Bombing,Beast,
ifo8m5,Bombing,MUL,
eodfib,Bombing,MidWestRails,
e41vz1,Bombing,Neck is Nasty!,
i69uqd,Bombing,Graff vs Street-Art (Nato),
anglxb,Bombing,Heard you like dade county billboards...,
fb32df,Bombing,Does he tweak er nah ?,
70y9mc,Bombing,ACHES,
eq1svd,Bombing,"FLASH floater | Brooklyn, NYC",
iwlca4,Bombing,Onek,
huulvv,Bombing,Kuma KF,
mdybd4,Bombing,2Fire - UK,
hwxyoj,Bombing,GLARE GH HD,
vmh7zd,Bombing,Katsu BTM VFG,
smch9q,Bombing,Idk what this one is but I spent a year looking at it on my way to work.,
ps4ixv,Bombing,I don't know anymore,
n5l6en,Bombing,Some toy painting over ICH,
ef4cu0,Bombing,SF NECKFACE,
ns2p4x,Bombing,SHEF MONKS RAKN GENJI ASTROE Cleveland Eastside,
lrpt7a,Bombing,SelOne,
9qvr13,Bombing,"You're such a fuckin' ho, I love it",
xen2zt,Bombing,Supply chains are not the only thing gonna get devastated,
xulxvs,Bombing,I got broads in Atlanta,
jgn8yt,Bombing,MSK.,
v20bhz,Bombing,Mortifying Seattle Police (Gride Wesh Scotyp),
cfqne4,Bombing,CURVE,
ao4fg4,Bombing,"Caen, France, by Dhoa",
xxnen2,Bombing,Creative Billy by GUS KRAP KAZ & Skue (Philly),
nxscuu,Bombing,GUSTO,
nn553d,Bombing,SLUTO,
j29ik3,Bombing,MidWestRails,
f5a65s,Bombing,"Shibuya, Tokyo",
enajhf,Bombing,Wholecars Running in the Bronx,
ear9ph,Bombing,This guy,
buj5kf,Bombing,"Fuck the law, On the run (Detroit)",
9yt110,Bombing,Baer (Bay Area),
m77rnn,Bombing,"LABS, JAVIER, SAVIE",
kfxl3t,Bombing,Big KATSU Slap,
im5iwt,Bombing,Distort AIDS,
u7e1vb,Bombing,Saute Action Shot,
rfmcs7,Bombing,ROLL CALL NYC,
ewhqr8,Bombing,Thought this was pretty sick,
at4k49,Bombing,GATS PTV in Brooklyn,
9rewt4,Bombing,A litle about brazilian graffiti,
n15zae,Bombing,GANE Roller at Sunset,
jnlg7y,Bombing,Gane. Brooklyn,
g75t7f,Bombing,Daoner Fuct,
jqcf6w,Bombing,KAWS in the 90's,
hu0cmx,Bombing,RedRum,
l451yh,Bombing,GUILD with the dragon bringing the heat nyc,
fgq05a,Bombing,MidWestRails,
dc2brh,Bombing,Forge x2 (Seattle),
ac01f0,Bombing,Look what I found visiting a little fishing/surf village in Morocco. 1UP,
llaz56,Bombing,Moses,
cyc0jx,Bombing,Excuse me sir?,
hjo3ct,Bombing,Neckface,
bszh0y,Bombing,Thought u guys would like this,
k0wkmm,Bombing,EDGE,
ez4jfk,Bombing,Skweez steez (Paris),
b4dkml,Bombing,Odd,
8ojob3,Bombing,"Wils, Copenhagen.",
10qgtqf,Bombing,FRIDGe,
m9agu8,Bombing,KYS Crew,
ejzhs3,Bombing,They mad,
c98vh9,Bombing,Baer Jeans BTR,
bri7ti,Bombing,MidWestRails,
qz7z6e,Bombing,Roller Kings ‚ôªÔ∏è,
cpkgwu,Bombing,Dr.Sex (Xmen Billboard),
9qar5j,Bombing,"Nomad (with a new style!) Portland, OR.",
jyexoo,Bombing,KUMA,
ecw6fd,Bombing,Sick Strain,
dejryt,Bombing,MidWestRails,
qr3org,Bombing,False and Hert,
avdm28,Bombing,Topaz,
uu68uf,Bombing,"Virginia's bus got tagged overnight during a road trip in Louisville, so they took a commemorative photo in front of it",
akqvbf,Bombing,CORPSE,
ehplo9,Bombing,Kawasaki BHB OTR,
lnkyv9,Bombing,Meanwhile in Russia...,
j3twn8,Bombing,RACHE,
i5j9mb,Bombing,"SAVIE, Bay Area",
cgd089,Bombing,MOSES,
b70gc7,Bombing,Malvo,
xf9hjw,Bombing,DISTORT,
s1jnua,Bombing,Nasty Neckface van (2011),
l51tbd,Bombing,ICH wholecar,
a7yyt8,Bombing,D train in the Bronx,
iyyb3u,Bombing,God damn shed making a bad angle-EAT LSD,
e0dmo9,Bombing,Absurd,
w3uwyf,Bombing,CREW OF TWO,
nstyd4,Bombing,Rip to a G,
i070kz,Bombing,Baer,
e3m8g5,Bombing,"Gane, Texas",
8wl48l,Bombing,so i read today that someone read today that baer is only good at throwies...,
kso9tb,Bombing,MUL Crew,
fsg6h2,Bombing,"VAYNE, Atlanta",
b1k56b,Bombing,Mr.Cartoon,
121p2gj,Bombing,2WINS HELCH,
auutb8,Bombing,Legendary Saberevok roller,
kmqfcl,Bombing,savie,
t1bzyw,Bombing,TEXAS / NYC,
mpotg0,Bombing,Farao GSD,
jgbef3,Bombing,"Caught this one way out in the woods thought yall might like it (east coast, USA)",
98krak,Bombing,üî•üí®,
a78uxg,Bombing,Florida Vibes,
ulz113,Bombing,AIDZ,
lf84zb,Bombing,Eye spy,
g1dxbq,Bombing,Rest in Power young SCRIPT,
f7677r,Bombing,One United Power Running in NYC,
8x083r,Bombing,so i heard ya like throws?,
guot1d,Bombing,Bat‚Ä¢Ola,
awwh9p,Bombing,Jeloe - Paris `05,
ny92zs,Bombing,ICH,
noeues,Bombing,MidWestRails,
dxt95g,Bombing,üëë,
as2aq4,Bombing,Baer (BTR Dirtnap),
11gseyf,Bombing,CBS crew - JEEK,
lvq75b,Bombing,"ANTSI NAIVE Portland, OR",
k4c22h,Bombing,Donor back at it again with graffiti for the deaf..,
9mg3fd,Bombing,Erase me...,
os60hw,Bombing,ACEPT seattle,
nzngf8,Bombing,KUMA,
hrtkh7,Bombing,PEAR D30,
fbzch1,Bombing,Bandoe. Paris,
nsod21,Bombing,rip aware indecline,
jlkgt8,Bombing,GULLY,
jjx0du,Bombing,Made U Look,
fll0g8,Bombing,Ichabod (Oakland Yard),
biebp7,Bombing,"PSPLIFFF watching over, forever. Go bomb something with your friends.",
9u6sst,Bombing,Risky tagging on a bridge,
uusjda,Bombing,Dr. Sex,
qfhyi8,Bombing,"Eyespy spotted in Davis, Ca",
odkwnt,Bombing,GANE // TEXAS,
b8l0rk,Bombing,Made ur lady have 2 orgasms,
b66cyh,Bombing,"Queens, NY",
aup1bw,Bombing,SABIO in New York,
9guv8v,Bombing,Ich x3,
101eznd,Bombing,Train in rotterdam centrum,
g7o448,Bombing,Savie,
gb2gur,Bombing,Aerub GSB,
hwehzg,Bombing,RIP Nekst üëë,
hbf3z7,Bombing,"DISTO,GANE,FLASH AND TREEZ (NOT MY PIC)",
h83xmg,Bombing,burger king KAWASAKI (SF),
10gat0e,Bombing,BRUE SUCH,
yzvc8x,Bombing,When your crew paints a whole car to commemorate kicking you out,
v8rl80,Bombing,PRIEST,
mcm6xo,Bombing,SLUTS CREW Wholecar - Eugene,
g01fk7,Bombing,MidWestRails,
chcc26,Bombing,WüòîRTHLESS,
av187i,Bombing,Blowing up the block,
10js7gu,Bombing,TOBER IQTEST - Philly,
uamenm,Bombing,Nasty Neckface,
n9z0g7,Bombing,Arbor,
ltptra,Bombing,Keks (cross-posted from another Graff sub),
e8tb2r,Bombing,It‚Äôs rare I can‚Äôt decipher a handstyle but this person is all over my neighborhood and I‚Äôm trying to figure out what they write,
o8109n,Bombing,VAYNE WALL,
nk79qm,Bombing,Septic outlaw... love this guy...near philly,
iocs5l,Bombing,Revok,
hxmxa6,Bombing,Razor,
ebhc9r,Bombing,RIP Zexor,
aucvjx,Bombing,What its like running into another writer,
anqns6,Bombing,#Keepup,
1032zdv,Bombing,ACID in Istanbul,
lp4drm,Bombing,RETRO,
d0g34t,Bombing,Cops,
ov7s6f,Bombing,FRESH5 wit da fresh oney,
mf4cne,Bombing,Forge Seattle 2021,
k4kyrm,Bombing,AGAIN,
jatbg2,Bombing,Savie,
bfutdn,Bombing,"I know I said I would lay off ICH for a while and I'm sorry, but the other night... this is my best catch I've had of him. Elaborate not simple.",
wc3lv2,Bombing,VAYNE,
r6pxgz,Bombing,Aidz,
lx2fy4,Bombing,Globe is a beast (mega rollz),
l3dc5d,Bombing,Sluto‚Äôs License plate series continues!,
gzrfsx,Bombing,styledontsleep,
aajcxf,Bombing,Idk if yall have ever noticed that classic NYC writers were in GTA IV. But they were.,
m9jykt,Bombing,Thriller,
ht32zh,Bombing,Kelso RSVP (Oakland),
f09q2v,Bombing,2011,
ev3k7q,Bombing,VAYNE HD UTL,
dt61j0,Bombing,MidWestRails,
7ah3wb,Bombing,Mambo,
123vyue,Bombing,Setup fill in Max Payne (2001),
xpg0kw,Bombing,KAM‚Ä¶ Seattle,
rgawrz,Bombing,GnT (Gane and Texas),
islj63,Bombing,They always get me..,
grdm4p,Bombing,Finally got to see this Ich piece in person.,
ecokhw,Bombing,"shit's too much, RIP Zexor",
d8brbc,Bombing,Savie came to Chicago and took all the heaven spots üëÄüëÄüí•,
a69zmo,Bombing,üëë NEKST üëë,
vif3d5,Bombing,RIP Aware,
hz74h6,Bombing,horned ICH *rare*,
fq1z9t,Bombing,"JA, 17, Giz - NYC",
emy3ur,Bombing,‚Äúin new york you gotta get in where you fit in‚Äù,
c3bfr2,Bombing,Sao Paulo,
ann4ie,Bombing,Rumor RK,
za1opr,Bombing,MIH,
xsmruw,Bombing,GRASP,
k2boc7,Bombing,Ps10 Holographic KUMA,
bzshy0,Bombing,Yup,
bm5hv0,Bombing,"Fuck, me",
lysawt,Bombing,Hoax,
f71gsx,Bombing,Baer BTR,
bwv09u,Bombing,Rizot - tagger extraordinaire,
aqrv1u,Bombing,Big Gonger One.,
ap6rez,Bombing,Captain Underpants doesn‚Äôt usually get a lotta love. Weird flex but still sick.,
12d0smq,Bombing,Family Stays True (Da Ville),
10zgp7c,Bombing,AWARE,
wih8sl,Bombing,SOVIET,
wi96yh,Bombing,RED EYE MOB (From Insta),
ozz38e,Bombing,Kodak BHL,
od2brd,Bombing,LEX stolen flick,
fhryoh,Bombing,MidWestRails,
b1w3j4,Bombing,"R.I.P. KYRO, Greenwich St, Nyc",
amhznz,Bombing,#1 Savage,
agr7jl,Bombing,KLOPS SF Polk Gulch,
po8yjw,Bombing,"Stolen flick, and not strictly bombing. RIP Zex and 2Buck!",
939f7h,Bombing,silencer barrel TASE,
12ajqx9,Bombing,VAYNE,
ure06e,Bombing,"Mine TWB (Taipei City, Taiwan)",
n7brpa,Bombing,BRAINS,
cw4d8z,Bombing,Queen 'extremely upset' after Windsor view is ruined with 60ft graffiti,
wyhlm0,Bombing,CRASH,
nfkqsh,Bombing,HINDUE,
gi3gmo,Bombing,"Red Eye Mob (Dallas, TX)",
g3pgx6,Bombing,Jaber,
91k32r,Bombing,Some little paint marker bombs in the back patio of a bar,
10x8bv5,Bombing,Demolished Dumpster (Los Angeles),
10qzlxv,Bombing,Legendary graffiti bombers JA and miss 17! Brooklyn New York,
dm4yo7,Bombing,Katsu truck btm,
csgz1a,Bombing,MidWestRails,
bjk8w8,Bombing,OREK,
asvwd6,Bombing,"Acorn (Tampa, Fl)",
116nt0x,Bombing,CRASH,
w17msf,Bombing,Monk,
mzq4pz,Bombing,Rate NYC,
k51k54,Bombing,Someone filling in a heart shape,
ajk4rt,Bombing,MidWestRails,
zfhyom,Bombing,BOOG,
rtcbpc,Bombing,Savie,
e7yjjm,Bombing,MidWestRails,
l5gie3,Bombing,CRASH OTR.,
j5sruj,Bombing,MidWestRails,
eux1ag,Bombing,MADE U LOOK,
11nx219,Bombing,HOMESICK,
ngiism,Bombing,Baer & Sworne,
h9ho92,Bombing,ROSKOE - Philly,
8r1c07,Bombing,"One of the dopest pieces I‚Äôve ever seen. Paris, France",
milgyq,Bombing,MISER SKER,
coj9dx,Bombing,"My hometown Leipzig, Germany",
rh4ef0,Bombing,Aidz,
qnxwea,Bombing,GEMS,
ex9qk7,Bombing,Art96 (SF),
b0ljjk,Bombing,ROOF TOP VANDALS - BIRMINGHAM,
zu4ags,Bombing,Snafu ETC (circa 2010) w/ the Doomsday theme,
t3pwn8,Bombing,Mecro,
lzwfee,Bombing,VAYNE stolen flick,
i8d0hd,Bombing,"Some of the trains in Berlin look like the ones in cities like Bucharest, Rome or the New York of the good old days. They are painted from front to back and sometimes only the windows and car numbers are cleaned. I like ;)",
fxjmca,Bombing,SPACE NOSH Seattle,
caa04q,Bombing,NEMCO,
zwrkug,Bombing,"SLUTO. Kansas City, MO 2018",
ys0j8n,Bombing,ZEXOR,
sodii4,Bombing,Huske KPG/NSF Crew Baltimore,
sjwztd,Bombing,Camel,
lbqnaz,Bombing,AVERT,
iblcfo,Bombing,Chase (Ireland),
fi2opy,Bombing,BC and Katsu BTM (Seattle),
8enu0z,Bombing,Gane and Texas,
wjmdtq,Bombing,Malvo drive-thru tag,
rhvl0l,Bombing,Be a man,
ihjeyl,Bombing,Kids These Dayz,
iff24k,Bombing,Gusto GSB,
i9164r,Bombing,ATLANTA,
fw8hip,Bombing,"Oakland Covid 19 Scene Report, RIP Jeff Grosso",
envnl6,Bombing,STIGMA,
avihje,Bombing,Snowy,
1141u0l,Bombing,Red Eye Mobb,
10i06jq,Bombing,Notice,
8kgliq,terrorism,"Nigerian soldiers battle Boko Haram, kill 15, rescue 49 women, children",
mjhifz,terrorism,"Noah Green, US Capitol attacker, was a supporter of ‚ÄòNation of Islam‚Äô.",
uhj6zd,terrorism,11 years ago this was the tweet that outed the raid on Osama Bin Laden,
jmw007,terrorism,Terrorist attack in Austria,
irj607,terrorism,Soldier receives Medal of Honor after helping save 70 captives from execution by Islamic State,
jxw92t,terrorism,"In new book, Obama says Pakistan ""maintained links to the Taliban and perhaps even al-Qaeda, sometimes using them as strategic assets to ensure that the Afghan government remained weak and unable to align itself with Pakistan's number one rival, India.""",
klef6k,terrorism,Map of all senior ranking Jihadists killed in 2020,
r26kuy,terrorism,Exactly 13 years from today was the day when Mumbai India got attacked by Pakistani terrorists and killed around 150 people leaving 300 injured.,
ht2nbh,terrorism,"Gerardo Puente after trying to de-activate a bomb placed by ETA, June 12th 1985. Never forget",
ntl8m8,terrorism,"Terrorist Attacks, 1970 - 2019, Concentration and Intensity",
for3r2,terrorism,"Gunmen in Afghanistan kill 25 at Sikh complex, Islamic State claims responsibility",
h8cz9q,terrorism,Hundreds of thousands sign petitions calling on the US government to declare KKK a terrorist group,
ovdw8p,terrorism,How is the FLNC (Corsica) able to acquire such modern military firearms? (Read my comment as well),
sthv5s,terrorism,"WARNING: If you submit ISIS propaganda, execution videos or other such content, you will be permanently banned. WARNUNG! Wenn Sie ISIS-Propaganda, Hinrichtungsvideos oder √§hnliche Inhalte einreichen, werden Sie dauerhaft gesperrt.","Where appropriate, your account may be forwarded to appropriate law enforcement.  This is not a propaganda subreddit.  Nor is it a gore subreddit.  You may contact moderation if you have any questions."
gu2ys8,terrorism,Trump Says ‚ÄòAntifa‚Äô Will Be Designated A Terrorist Organization,
kmqkno,terrorism,Afghan Air Force kills 15 Al Qaeda operatives in Helmand,
jtg4cj,terrorism,"Just a reminder. Five years ago and counting. Thoughts to all victims, their families, those how carry the weigh of being lucky enough to survive this massacre. Love to all.",
gp7nco,terrorism,EU calls for returning ISIS fighters to be prosecuted as war criminals,
j7omsu,terrorism,"Plot to kidnap Michigan governor thwarted, militia members arrested",
aqsyte,terrorism,"Biggest terrorist attack on India by jaish-e-mohmmad (army of mohmmad) . Killing at least 42 soldiers . When India use UN podium to raise its voice to declare leader of this terrorist organisation Masood Azhar as an International terrorist, China always try to block by using vito power.",
fvb5om,terrorism,"Leader of ISIS in Afghanistan arrested, security officials say",
dnviub,terrorism,"Isil leader Abu Bakr al-Baghdadi 'died like a dog and coward' in US special forces raid, says Donald Trump",
r4bnzf,terrorism,Toronto school cancels ISIS survivor event with Nadia Murad: A woman who survived being kidnapped by ISIS and plunged into sexual slavery as a teen has been cancelled ‚Äî by the largest school board in Canada.,
pe5mor,terrorism,"Taliban 'brutally' killed a popular Afghan folk singer just days after it said 'music is forbidden' in Islam, former minister says",
n6njia,terrorism,Germany bans Islamic group Ansaar over terrorism financing suspicions,
m6o1qd,terrorism,Mozambique: Children as young as 11 'being beheaded' amid Islamist insurgency,
lui0fj,terrorism,"Runaway schoolgirl who joined IS cannot return to Britain, top court says",
jchwr8,terrorism,Teacher beheaded in Paris suburb after showing cartoons of Prophet Mohammed to class,
quhd2k,terrorism,Terror attack that was targeting the 11 a.m. remembrance service at Liverpool cathedral. Detonated outside the maternity ward of Liverpool womens hospital.,
mgrzwy,terrorism,Three female polio vaccination health workers shot dead in eastern Afghanistan,
madzhn,terrorism,"Video of today‚Äôs assassination of Iraqi Intelligence officer in Baghdad, Iraq. Purportedly carried out by gunmen linked to a pro-Iranian militia.",
ly1aw4,terrorism,Islamic State says it killed female media workers in east Afghanistan,
l2bixf,terrorism,First Big Suicide Attack in Baghdad for 3 Years Kills at Least 32,
6ta7qw,terrorism,Car plows into protesters in Charlottesville - live updates,
kgy999,terrorism,'Boogaloo Bois' member pleads guilty to conspiracy to provide material support to al-Qassam Brigades,
lbwco1,terrorism,"Canada Lists Proud Boys As A Terrorist Group, Alongside ISIS And Al-Qaida",
jkvik2,terrorism,"After knife attack kills three at church in Nice, Macron says France will not give in to terrorism",
jfoxd7,terrorism,France bans Islamist group after killing of teacher,
iqlqz5,terrorism,In memory of those lost lives.,"On this day... 19 years ago 246 people went to sleep in preparation for their morning flights. 2,606 people went to sleep in preparation for work in the morning. 343 firefighters went to sleep in preparation for their morning shift. 60 police officers went to sleep in preparation for morning patrol. 8 paramedics went to sleep in preparation for the morning shift. None of them saw past 10:00 am Sept 11, 2001. In one single moment life may never be the same. As you live and enjoy the breaths you take today and tonight before you go to sleep in preparation for your life tomorrow, kiss the ones you love, snuggle a little tighter, and never take one second of your life for granted."
coy2h1,terrorism,Pakistani media encouraging Indian Muslims to kill Hindus who buy land in Kashmir,
k3lws8,terrorism,Norway to extradite suspect in 1982 attack on Paris Jewish restaurant,
qp12g9,terrorism,"Hey all. My isistracker account on Instagram was banned. So, thanks to recommendations from redditors, I have started an account on Telegram. If you‚Äôre interested in regular unfiltered updates, photos and footage of Islamic State activities around the world, subscribe to the channel: isistracker",
pltf5v,terrorism,"20 years after the 9/11 attacks, Al-Qaeda & ISIS affiliates across the globe",
p4isqa,terrorism,Video of bomb attack in Russia yesterday. 2 dead. The blast appears to come from a truck alongside the bus. FSB still investigating. So far no claim on Islamic State channels.,
mtnson,terrorism,How did terrorist organisations recruit members before social media was about?,"Writing an essay on how conflict this century is different from the last and using social media as a facilitator as an example, can anyone point me in the direction of any reputable sources or does anyone have any ideas for this?"
mkaizz,terrorism,Five women arrested in southern France over suspected attack plan,
juum7r,terrorism,France says it has killed senior al-Qaeda North Africa operative in Mali,
jr9nlb,terrorism,U.S. confirms senior al Qaeda leader killed in Afghan raid.,
i852me,terrorism,An ISIS Jailbreak in Afghanistan: Is the Taliban secretly helping its jihadist rivals?,
gzz78b,terrorism,"Boko Haram kills 69, razes village in northern Nigeria",
gxnp0g,terrorism,Al-Qaeda leader Abdelmalik killed in North Africa by French army,
g0cdbh,terrorism,"Terrorism in the UK: number of suspects tops 40,000 after MI5 rechecks its list",
fur6wx,terrorism,Gunmen Shoot Dead Afghan Presidential Guard On Kabul Outskirts,
b8xxdw,terrorism,"This guy is Harith Al Sodany. An Iraqi spy who infiltrated ISIS. Having gained the trust of the ISIS high command, Captain Al-Sodany began working as a facilitator. Successfully stopping 30 SIEDs and VBIEDs. Full story in comments.",
86qrtf,terrorism,"This is Arnaud Beltrame, a French police officer who swapped himself for a hostage today and is now fighting for his life ‚Ä¢ r/europe",
nhxsr8,terrorism,Nigeria's Boko Haram leader 'badly wounded' in clashes with rivals,
n1vchz,terrorism,Al Qaeda promises 'war on all fronts' against America as Biden pulls out of Afghanistan,
msx9f9,terrorism,Texas Gov. Abbott Wants Mexican Drug Cartels to be Designated As Foreign Terrorists,
kk15y0,terrorism,"Massive downtown Nashville explosion an 'intentional act', police say",
qxr7nu,terrorism,Hamas to be declared a terrorist group by UK,
kzg53j,terrorism,Kenyan governor claims Shabaab controls over half of northeastern Kenya,
jjcp5q,terrorism,US airstrike in Syria wipes out 7 al Qaeda leaders,
fp59df,terrorism,"Heartland terror: The FBI said Timothy Wilson planned to blow up a hospital in Missouri. Before that, he was active in online chats for two neo-Nazi groups.",
meras0,terrorism,Defense Department Linguist Pleads Guilty to Transmitting Highly Sensitive Classified National Defense Information to Aid a Foreign Government: Thompson pleaded guilty to transmitting the information to a foreign national who she believed would provide the information to Lebanese Hizballah,
jkpkom,terrorism,"Malaysia's Mahathir says Muslims can kill French, Twitter deletes post",
jgw3dp,terrorism,French mayor threatened with 'decapitation' just week after Paty murder,
d8vk55,terrorism,PM Imran Khan admits Pakistani army and ISI trained al-Qaida,
ntw4na,terrorism,"Leader of Nigeria's Boko Haram is dead, says rival militant Islamist group",
nbzu9t,terrorism,"Interesting detail in al-Shabaab‚Äôs newest video release. To the left of Mahad Karate appears to be US citizen Jehad Serena Mostafa, who is on the FBI‚Äôs list of most wanted terrorists. Though his face is blurred, he hasn‚Äôt appeared in any media since late 2000s.",
mx4wnz,terrorism,"Attacker fatally stabs police employee near Paris, Macron calls it terrorism",
moy0ed,terrorism,Man Sentenced to 162 Months in Federal Prison for Conspiring to Provide Material Support to ISIS (Illinois),
mf9bun,terrorism,Stop Asking the US Military to Fight Terrorism and Rebuild Nations,
m0zobs,terrorism,"Graphs showing the number of attacks claimed by ISIS affiliates worldwide in January and February 2021, compared to the previous year.",
l9typw,terrorism,The Jihadists‚Äô War in Pakistan after the U.S. Withdrawal from Afghanistan: Lessons from Al-Qaeda‚Äôs Assassination of Benazir Bhutto,
kto76u,terrorism,The pipe bombs found at Democratic and Republican headquarters were said to contain timing devices.,
k814co,terrorism,"How outsiders become assassins. | DW Documentary | ""Lone Wolf"" Right Wing Terror Rallying On The Internet",
hhicmo,terrorism,Pakistan a 'safe haven' for 'terror groups': U.S. State Department,
ye3nat,terrorism,Polish Senate unanimously declares Russian government as terrorist regime,
nk5gwv,terrorism,"Boko Haram Leader, Responsible for Chibok Schoolgirl Kidnappings, Dies. Death of Abubakar Shekau removes one the world‚Äôs most brutal and effective terrorists.",
n2szes,terrorism,Two Spanish journalists and an Irish citizen killed in Burkina Faso,
katmzq,terrorism,Afghanistan violence: Journalist Malala Maiwand shot dead along with her driver,
k2po1u,terrorism,"Indonesian Terrorist Burns Down Church and Christian Homes, Killing Four",
k17rki,terrorism,Russia Says It Foiled Islamic State Attacks In Moscow Region,
jqe5kq,terrorism,"Europe must strengthen its borders after attacks, says Macron",
jl49hk,terrorism,"France tightens security after Nice attack, protests flare in parts of Muslim world",
ibmgv3,terrorism,Taliban IED experts blown up by own bomb in a mosque in North of Afghanistan,
i2i0gu,terrorism,Afghan Intelligence Says High-Ranking Islamic State Leader Killed,
hwqw58,terrorism,French soldier killed in Mali combat operations,
b1awe1,terrorism,Update: Christchurch mosque shooting: Gunman Brenton Tarrant posts manifesto detailing reasons for attack,
xm68fd,terrorism,"Russian troops raped and tortured children in Ukraine, U.N. panel says",
vki1ef,terrorism,"Oslo shooting: Norway attack being treated as Islamist terrorism, police say",
rnf2dn,terrorism,French army kills key IS group suspect in 2020 murders of Niger aid workers,
r6t30w,terrorism,"Taliban executed more than 100 police, military officers after takeover",
okt4lk,terrorism,US court rules 3 Iranian banks liable for Hamas terror attack,
kedy3b,terrorism,End of a terror era in Indonesia: Capture of last remaining Bali bomber Zulkarnaen signals the death knell for Jemaah Islamiyah terror group,
iuzz9y,terrorism,ISIS takes over luxury islands popular among celebrities.,
i7elke,terrorism,"'Holy warrior' selfies: Pakistan teen feted for killing U.S. blasphemy suspect: Faisal Khan, a 15-year-old Pakistani, beams for selfies with lawyers and police. Thousands hail him in the streets as a ‚Äúholy warrior.‚Äù",
i1ra23,terrorism,"Taliban killed 580 civilians, wounded 893 others in first half of 2020: UNAMA",
f80d8w,terrorism,Al-Qaeda and Islamic State groups are working together in West Africa to grab large swaths of territory,
ys0okp,terrorism,"Mothers searching for their disappeared children in Mexico are ""being killed by drug cartels""",
wtnt0b,terrorism,Bali bomber released after serving just half sentence: Islamic militant Umar Patek granted early release weeks before 20th anniversary of terror attack that killed 202 mostly Australian tourists,
wlolbv,terrorism,"Kim Jong Un 'Seriously Ill' In North Korea Covid Surge, Says His Sister | 11AUG22",
vvdw3i,terrorism,Man Sentenced to 20 Years in Prison for Attempting to Provide Material Support to ISIS,
sn4dzn,terrorism,U.S. Offers $10 Million Reward For Information On Leader Of Islamic State In Afghanistan,
qrzf8o,terrorism,How was the UVF (ulster volunteer force) able to acquire SA80‚Äôs? Also why is the magazine for their AK‚Äôs so small?,
ocebxg,terrorism,German government agrees to ban Hamas flag after anti-Semitic incidents,
ntq8mf,terrorism,Top Words Used in the Names of Terrorist Organizations (1970-2018),
m9kzqp,terrorism,"Death toll in Malian army ambush rises to 33, defence ministry says: Islamist militants, many of whom have been linked to Al Qaeda and Islamic State, have stepped up attacks in Africa's Sahel region in recent years, displacing thousands.",
iyim5u,terrorism,"Do you guys think Domestic Terrorism become a bigger threat than, for example, ISIS?","Just curious on opinions on this matter, not only the U.S but all around the world.

Edit: I meant to say will/could become a bigger threat"
yux9ds,terrorism,"Mass graves, torture chambers discovered in liberated Mykolaiv: Officials",
v5m60l,terrorism,"Al-Qaida enjoying a haven in Afghanistan under Taliban, UN warns",
ma618t,terrorism,"Philippine troops kill Abu Sayyaf leader, rescue Indonesian hostages",
kqbtpb,terrorism,US Blames Taliban for Plotting Afghan Assassinations,
k0mphs,terrorism,South Carolina Man Pleads Guilty to Conspiracy to Provide Material Support to ISIS,
jyi8h6,terrorism,The Chinese Communist Party Operates As A ‚ÄúForeign Terrorist Organization‚Äù Per 8 U.S.C. ¬ß 1189,
jhgsri,terrorism,Gunmen kill at least six children in attack on Cameroon school: Attackers fired indiscriminately at schoolchildren in area where separatist insurgents are active,
j6fl2v,terrorism,"ISIS terrorists the 'Beatles' likely to be brought to U.S. this month: Alexanda Kotey and El Shafee Elsheikh, who are in U.S. military custody in Iraq, are accused of taking part in kidnappings of U.S. aid workers and reporters.",
il10b1,terrorism,Charlie Hebdo: Fourteen suspects to face trial over Paris massacre,
i569rs,terrorism,"Iran Is No. 1 Sponsor of Terrorism, U.S. Ambassador To UN Says Ahead Of Arms Embargo Extension",
hibgpr,terrorism,Mortar Attack On Afghan Market Kills At Least 23,
g35dsu,terrorism,11 Philippine troops killed in clash with Muslim militants,
f0oun6,terrorism,French soldiers kill more than 30 Islamist militants in Mali,
ae5ggt,terrorism,Russia accused of hiring ‚ÄúPolish thugs‚Äù to conduct arson attacks in Ukraine,
8pn3gm,terrorism,"How has the Taliban managed to survive, keep armed and possess a large army after 3 decades of gruesome guerilla warfare? How are they getting the money, weapons and supplies? And how much support does the Taliban have within the Pashtun community?","The title is my question. From a layman's glance it seems outright bizarre that this freakish Pashton-nationalist deobandi Jihadist organisation has survived for so long - over decades and generations - against a government backed by a coalition of some of the world's most advanced military forces. Last I read, the Taliban has been making major territorial gains in just the past year with a growing fighting force and access to the arms blackmarket. How is this possible that they have the capacity to do this, after a multiple-decade long war focused on wiping them out?

Is it to do with Opium trade, and Talibani impunity in Pashtun-regions of Pakistan like in Quetta, FATA, Peshawar or Khyber-Pakhtunkhwa? Is foreign funding from islamists a big thing? How are they getting new recruits after 40 years of them terrorising cities and the countryside? Are there Madrasahs/Islamic Schools which are brainwashing children? Is there a large base of pro-Taliban sympathisers amongst the overall Pashtun population? Is Pashtun tribal society and culture itself an enabler for Taliban recruitment? Without proper understanding of the situation it just seems bizarre that they're still there wreaking havoc."
8o349i,terrorism,Honduran Man Who Planned to Detonate Explosive at Miami Mall Sentenced to 210 Months for Attempting to Provide Material Support to ISIS,
5r3a9q,terrorism,Suspect in Quebec Mosque Attack Quickly Depicted as a Moroccan Muslim. He‚Äôs a White Nationalist.,
wb4y2o,terrorism,"""There is a pretty horrific video going around where a Russian soldier castrates a captured - live Ukrainian soldier. Not only is this real, it is far from an isolated incident. A source in the Ukrainian military has told me [this] has happened multiple times."" - James Rushton (JimmySec)",
v9le0q,terrorism,Italy Arrests Pakistanis Linked to 2020 Charlie Hebdo Attack,
t6gps6,terrorism,BBC News - Pakistan bombing kills dozens in Shia mosque in Peshawar,"
https://www.bbc.co.uk/news/world-asia-60617108"
p7s20y,terrorism,Hardline Haqqani Network Put in Charge of Kabul Security - the Haqqani Network has close ties with foreign jihadist groups including a long-standing association with al-Qaida.,
oy54nl,terrorism,"Taliban Commander Who Led Attack on Afghan City Was Released From Prison Last Year, Officials Say: U.S. pressed Kabul government to free thousands of Taliban fighters in bid to encourage peace talks and many have returned to the battlefield",
o3hwi0,terrorism,Ivory Coast witnesses surge in jihadist activity,
n3r9gx,terrorism,Proud Boys dissolve in Ottawa after being labeled terrorist entity,
lrvwgi,terrorism,"Emily Estelle's new report, assessing the rise of the Islamic State in Mozambique, is extremely informative and worth a read.",
l776al,terrorism,"Islamist convicted of beheading U.S. journalist Daniel Pearl to go free, victim's family in 'shock'",
kycx20,terrorism,Minnesota Man Pleads Guilty to Providing Material Support to ISIS,
kr54fy,terrorism,At least 22 killed in eastern Congo village - At least 22 people were killed in an overnight raid on a village in a part of eastern Democratic Republic of Congo plagued by Islamist rebel attacks,
kon8cz,terrorism,"Afghan Journalist Killed in Ghor, 6th in Two Months",
jjrwbf,terrorism,"Bugaloo ""Militia"" assassinated federal officer in Oakland CA",
gi8l7f,terrorism,Four Civilians Dead As Gunmen Attack Doctors Without Borders Clinic In Kabul,
g4mngc,terrorism,"Save Afghan Sikhs and Hindus From Genocide, Activists Urge",
g1v2oj,terrorism,Germany arrests four Isis suspects planning attack on US bases,
fwwbld,terrorism,Islamic State gunman kills 25 in attack on Sikhs in Kabul," Kabul gurdwara attack: Multiple gunmen and suicide bombers open fire on a gurdwara. The attack left 25 victims dead and multiple wounded. The Islamic state claimed responsibility. 

 [https://terrorismwatcher.com/f/kabul-afghanistan---shooting-suicide-bombing](https://terrorismwatcher.com/f/kabul-afghanistan---shooting-suicide-bombing) 

&#x200B;

https://preview.redd.it/zxe56hctmhr41.jpg?width=992&format=pjpg&auto=webp&v=enabled&s=03a058641e5617c328b4f4f0a6a1f6384463fb51"
ewyrsf,terrorism,"U.S. killed a top al-Qaida leader in Yemen, reports say",
eopqiu,terrorism,"Washington state Rep. Matt Shea, branded as a 'domestic terrorist,' refuses to resign",
9fqtse,terrorism,"Islamist extremism caused 84,000 deaths worldwide in 2017, new report says",
ram4l7,terrorism,"In world first, Germany sentences Iraqi jihadist to life in prison for Yazidi genocide",
ppib44,terrorism,Sahara Islamic State Leader Killed In French Military Operation," French officials announced Thursday that they had killed the head of the [Islamic State group in the Greater Sahara](https://usdailynews.online/world/sahara-islamic-state-leader-killed-in-french-military-operation.htm), referring to him as ‚Äúenemy No. 1‚Äù in the region‚Äôs long-running anti-terrorism campaign.

French President Emmanuel Macron confirmed Adnan Abu Walid al-Sahrawi‚Äôs death. The Islamic State group leader personally ordered the death of six French humanitarian workers and their Nigerien colleagues last year."
ogbfno,terrorism,"The ISIS Files: 15,000 pages from ISIS that reveal the Islamic State‚Äôs inner workings",
o8fjfc,terrorism,Somali man arrested after three killed in knife attack in Germany,
niwi0p,terrorism,The Taliban and Al-Qaeda Are Closing In on Afghanistan‚Äôs Provincial Capitals,
nhge9n,terrorism,35-country pan-American group designates Hamas a terrorist organization,
mrkr47,terrorism,Islamic State Seeks Revival in Christian Countries,
lzcnwd,terrorism,At least 10 killed in Somalia suicide bomb blast,
lv959l,terrorism,"30 Taliban, Including 16 Al-Qaeda Members, Killed in Kapisa: MoD",
lim0sh,terrorism,Danish police find IS flag in raid of bomb-making suspects,
levrhx,terrorism,U.S. to drop Houthi terrorist designation due to Yemen crisis,
kxwyej,terrorism,"US ramps up security before inauguration, amid warnings of possible political violence even after the January 20 swearing-in. 'Delta, Alaska, American, and United Airlines announced on Thursday they would not allow travellers flying to Washington area airports to check firearms on its flights'",
kd1d3e,terrorism,"The United States has formally removed Sudan‚Äôs designation as a ‚Äústate sponsor of terrorism‚Äù, 27 years after putting the country on its blacklist.",
j2b5j2,terrorism,Poland Deports Five Tajiks Suspected Of Terrorism,
i6s2uw,terrorism,"Gunmen kill six French aid workers, their driver and guide in Niger, minister says",
hxpiha,terrorism,"‚ÄòSignificant numbers‚Äô of ISIS terrorists in Kerala, Karnataka, says UN report",
hjkhnr,terrorism,Pentagon: Taliban Keeps 'Close Ties' With Al-Qaeda Affiliate,
hhv679,terrorism,Gunmen attack Pakistani stock exchange,
hfwaul,terrorism,Pakistan's Khan Under Fire For Calling Osama Bin Laden A Martyr,
he26db,terrorism,"Britain reels from latest terrorism-linked stabbing, American among dead",
gvr0ve,terrorism,UN report proves India's claim that Pakistan is center of global terrorism,
goictu,terrorism,ISIS resurgence | 34 attacks in Ramadan leaves nearly 60 people dead in areas under the control of regime and SDF,
gfb18j,terrorism,"The CIA killed my father, what did they do with his body?",
g9otmb,terrorism,Driver who rammed Paris police pledged allegiance to Islamic State,
ftz1t1,terrorism,Extremists see global chaos from virus as an opportunity,
fthicn,terrorism,At Least Eight Afghan Civilians Killed By Roadside Bomb In Helmand,
a8pdit,terrorism,The Islamic State is not defeated in Syria. Or anywhere else. Look at Africa.,
8wg61n,terrorism,"AUM founder Asahara, mastermind behind 1995 sarin gas attack, executed",
124iw9s,terrorism,Nashville school shooter Audrey Hale identified as transgender and had detailed manifesto to attack Christian academy,
r16r5o,terrorism,Australia lists neo-Nazi group The Base and Hezbollah as terrorist organisations,
npjs6q,terrorism,Roadside bomb kills three university teachers in Afghanistan,
mv4rho,terrorism,Chad leader Idriss Deby dies on battlefield after winning reelection,
luhb7u,terrorism,How the Pentagon Got Inside ISIS‚Äô Chemical Weapons Operation‚Äîand Ended It,
lld7en,terrorism,Bangladesh sentences five militants to death for killing U.S. blogger,
l420mk,terrorism,Russia says militant commander linked to 2011 Moscow airport bombing killed in Chechnya,
l36nkg,terrorism,Anyone else concerned for how powerful al-shabaab are becoming?,"The devastating attack in Mogadishu (October,2017) where 587 people were killed by two truck bombs, amplifies the amount of chaos they can inflict. In such a quick succession, as with all of their horrific attacks reaching crazy numbers in fatalities, putting them up in the ranks of Boko Haram. 

The US recently pulled all their military support from Somalia, even though 700 troops weren't that impactful in the first place, but still something. As well as only having some western support like the UK providing aid, but what is more harrowing is the fact al-shabaab collects more revenue than the actual government of Somalia! Bolstered by them being a branch of al-qaeda they are heavily funded through them, as well as from what they loot in pillages etc. 

In conclusion, it depresses me to know there isn't going to be much resolution to end the insurgency, as they've been fighting since before 9/11 and as news looms of them controlling half of northeast Kenya, it seems that this could be a repeat of ISIS in their prime."
ksqsw7,terrorism,"Factbox: Indonesia set to free Abu Bakar Bashir, suspected of links to Bali bombings",
kneol4,terrorism,Twenty-two killed in attack on Aden airport after new Yemen cabinet lands,
jlngdd,terrorism,Lyon attack: priest seriously injured in shooting at church,
hq0f26,terrorism,37 soldiers died in Boko Haram attack,
gdx42m,terrorism,Pakistani Doctor on H-1B Visa Indicted for Jihadist Plot,
g3z7ge,terrorism,44 suspected Boko Haram jihadis found dead in Chad prison,
fr58u8,terrorism,Intelligence agency warns of ISIS terror threat in Delhi | Delhi News - Times of India,
en4k9j,terrorism,Bomb Blast Claimed by ISIS Kills at Least 15 in Pakistan Mosque Used by Taliban,
emafyz,terrorism,Pak's ISI funding terror group in Bangladesh for attacks in India: Sources,
1216p22,terrorism,"Islamic State Group Kills 15 Truffle Hunters in Syria, Monitor Says",
ywzmw7,terrorism,"Iran tried to assassinate British residents 10 times this year, MI5 reveals",
w0ka4i,terrorism,"Label Putin‚Äôs Russia a ‚Äòterrorist state‚Äô - The designation would have dramatic legal consequences for the war in Ukraine, and it‚Äôs time for the world to act.",
vyncor,terrorism,Pentagon: US kills IS group leader in Syria in drone strike,
vf9om2,terrorism,Nighttime U.S. Helicopter Raid Captures 'Senior Daesh Leader' In Syria,
u3402a,terrorism,"Brooklyn subway shooting suspect arrested, will be charged with terrorism",
tlnub8,terrorism,"Suspected Terrorist Attack in Israel Leaves Four Dead: In one of deadliest assaults against Israelis in recent years, an Arab Bedouin stabbed several people and rammed his car into a cyclist",
svy91y,terrorism,Indian Court Orders Death for 38 for Deadly 2008 Serial Bomb Blasts,
sjpzn5,terrorism,US Says IS Leader Killed Himself in Act of Cowardice,
rp2bro,terrorism,"Burkina Faso declares two days of mourning after 41 militia members killed: The killings come amid escalating violence in the region, where a four-year Islamist insurgency has resulted in thousands of deaths",
rlt46i,terrorism,Who Really Chooses to Become a Suicide Bomber? - Modern War Institute,
pezepe,terrorism,Osama bin Laden‚Äôs security chief triumphantly returns to hometown in Afghanistan,
p83f4w,terrorism,"As the Taliban take Afghanistan, should we worry about the return of al Qaeda, ISIS and international terrorism?",
p7ghn0,terrorism,"New 2-page statement from Al-Qaeda in Yemen congratulates Taliban on victory in Afghanistan. AQAP concludes that this: Heralds wider triumphs & a new era of Islamic rule, Proves jihad is the way to achieve goals,Reveals the ‚Äúdemocracy game‚Äù & peaceful means as a mirage",
oz9ml8,terrorism,"The Taliban shot dead the head of the Afghan government‚Äôs media information centre Friday at a mosque in the capital, the ministry said, days after warning they would target senior administration officials in retaliation for increased air strikes",
o9xkf4,terrorism,"Boko Haram Fighters Pledge to Islamic State in Video, Worrying Observers",
nltaye,terrorism,"Saudi Arabia-led coalition airstrike kills high ranking Hezbollah commander, says Yemeni official",
n52nhy,terrorism,16 Niger soldiers killed in attack near the border with Mali,
mdd8zy,terrorism,Death toll from attack on Niger villages soars to 137,
m4j43m,terrorism,Rioters Set Fire to Federal Courthouse in Portland One Day after Fencing Removed,
kq0jhw,terrorism,Death toll rises to 100 after attacks on Niger villages: Niger's prime minister says 100 people are now known to have been killed in Saturday's attacks by suspected jihadists on two villages.,
jpi4ga,terrorism,Portland Resident Indicted for Providing Material Support to ISIS,
jnnv1a,terrorism,Pictured with his deadly arsenal: ISIS wannabe Kujtim Fejzulai who shot dead four people in Vienna,
jk83tw,terrorism,Police shoot suspect threatening people with knife in France‚Äôs Avignon,
iztjb6,terrorism,Israel becomes new obstacle for Sudan in quest to leave U.S. terrorism list,
iu7w21,terrorism,Minnesota Man Charged with Providing Material Support to ISIS,
iafpwa,terrorism,France asks Afghans not to free Taliban convicted of killing French citizens,
i9c4np,terrorism,Islamist militants 'seize key port' in Mozambique,
hp10w8,terrorism,"Police: Man arrested in Mt. Lebanon had 30 improvised bombs, detonators in car",
hn4olf,terrorism,Afghan Female Politician Wounded In Attack,
guopmu,terrorism,Kashmir: Three Terrorist Killed one caught with 10 grenades & 200 bullets,
ginqqi,terrorism,Update: Newborns among 16 dead in Kabul hospital attack; 24 killed in funeral bombing,
g3rejf,terrorism,"Pakistan conspires major attacks in Kashmir, forms two terrorist groups with LeT",
flynzi,terrorism,Pakistani Doctor Arrested In U.S. On Terrorism Charge,
faknhx,terrorism,"Nigeria's Islamists targeting Christians to provoke religious war, says minister",
f3047u,terrorism,276 schoolgirls were kidnapped by Boko Haram six years ago. Where are they now?,
ehs9n0,terrorism,"Hanukkah Stabbing Suspect Appears To Have Been Driven By Anti-Semitism, FBI Says",
e9as5k,terrorism,Dozens detained on suspicion of preparing major terrorist attack in Denmark,
d2jdw4,terrorism,"9/11's youngest victim would be 20 now, and there's optimism for a trial at last",
cd6h93,terrorism,"Mossad prevented 50 terror attacks in 20 countries, including Turkey",
c71nis,terrorism,Anti-Taliban Party Official Gunned Down In Pakistan's Peshawar,
aivfoe,terrorism,"Four charged with having explosives, plotting to attack Muslim community in Monroe County, New York",
acbmhr,terrorism,Niger troops kill more than 280 Boko Haram fighters,
a29lj1,terrorism,"U.S. consulate in Mexico attacked with grenade, no injuries",
607w0b,terrorism,"Featured site of the week: Jihadology.net ""A clearinghouse for jihƒÅdƒ´ primary source material, original analysis, and translation service""",
5r093u,terrorism,Officials worry that U.S counterterrorism defenses will be weakened by Trump actions,
11l0f8p,terrorism,"Congress in Paraguay labels the Muslim Brotherhood a ""terrorist group""",
10z6kzo,terrorism,Sahel: The fight against terrorism | DW Documentary,
10m8vxj,terrorism,"US military raid kills key Islamic State regional leader in Somalia, officials say | US military",
zqfzeb,terrorism,Libyan court sentences 17 former IS members to death,
z7bo88,terrorism,Pakistan Taliban Announce Resumption of Nationwide Terror Attacks,
yfa7w8,terrorism,"Somalia Asks U.S. to Step Up Drone Strikes Against Qaeda-Linked Fighters: A new administration in Somalia has launched an offensive against Al Shabab, which are also facing an uprising from local militias.",
vd4lr0,terrorism,Inside Al Shabaab: The extremist group trying to seize Somalia - Channel 4,
u6b9hg,terrorism,Pakistan warns Afghanistan's Taliban not to shelter militants,
u3wk5a,terrorism,Suspect Frank James was spewing racist hate well before Brooklyn shooting,
sbim39,terrorism,in 2000 Muttaqi (Taliban minister of foreign affairs) warned the US of serious action if OBL was killed - assuring that [OBL] will not operate against US,
qxk9yb,terrorism,Hamas to be declared a terrorist group by UK,
q9nby8,terrorism,UK MP David Amess dies after being stabbed multiple times in terrorist attack,
q3bhsk,terrorism,"In targeted attack, terrorists shoot dead Sikh school principal and Hindu teacher in Jammu and Kashmir's Srinagar",
pn4cr8,terrorism,"Twenty Years after 9/11, Taliban and al-Qaeda Remain Inseparable",
p60kne,terrorism,Hamas congratulates Taliban for ‚Äòdefeating‚Äô US,
olv1di,terrorism,ISKP‚Äôs war of attrition against the Taliban and Afghan government ‚Äî translation of this week‚Äôs al-Naba attack claims in comments.,
ojtezi,terrorism,Taliban fighters execute 22 Afghan commandos as they try to surrender,
o9xq64,terrorism,Italy Calls for African Task Force to Tackle Islamic State Threat,
o1jh7i,terrorism,At least 15 killed in Somalia suicide bombing claimed by militants (al-Shabaab),
nc6xle,terrorism,"12 People, Including Imam, Killed in Blast at Kabul Mosque",
nb2o6u,terrorism,US Homeland Security Department unveils new domestic counter-terrorism branch,
n7qwbo,terrorism,Blasts Near Girls' School in Kabul; 15 People Killed,
mu14fn,terrorism,ISIS executes a Coptic Christian and several others in Egypt,
mf69xd,terrorism,Indonesian church bombed by suspected Islamist militants: 19 wounded,
lqya6u,terrorism,Afghanistan: Surgeon Killed in Attack by Unidentified Armed Men in Baghlan,
l6fwvy,terrorism,US terrorism alert warns of politically motivated violence,
kuil3w,terrorism,"U.S. Capitol Violence : The FBI is seeking information that will assist in identifying individuals who are actively instigating violence in Washington, D.C.",
kpdslv,terrorism,‚ÄòMany Civilians‚Äô Killed in Niger Gun Attack,
kbwqpv,terrorism,Federal Jury Convicts Illinois Man for Bombing the Dar al-Farooq Islamic Center,
jubw1i,terrorism,Al-Qaeda's No. 2 Reportedly Killed In Secret Operation In Iran,
jkki1i,terrorism,"Tunisian man beheads woman, kills two more people in Nice, France church",
j70q3t,terrorism,2 Men Found Guilty For Aiding Mall Attack In Kenya That Left 67 Dead,
j3ljw0,terrorism,At Least Nine Killed After Suicide Bomber Strikes Afghan Checkpoint,
iofkwq,terrorism,We Are Already Behind Enemy Lines: Lessons from the Secretive Online Fight Against the Islamic State,
io1ejo,terrorism,"Two French soldiers killed, one injured in Mali",
igmfat,terrorism,New Zealand shooter emotionless as victims' families address sentencing hearing,
i8brcg,terrorism,ISIS resurgence | Five regime-backed militiamen killed in fresh ambushes and attacks in the Syrian desert,
i0dbna,terrorism,"142 people killed, 44 kidnapped in Northern Nigeria in one week",
hya48k,terrorism,UN Says Thousands Of Pakistani Militants In Afghanistan,
hx8x9b,terrorism,Austrian Court Sentences Chechen Man On Terrorism Charges,
hrbb7t,terrorism,Three Pakistani Soldiers Killed In Balochistan Ambush,
hqr12u,terrorism,"Taliban Attack On Intelligence Agency Office Kills At Least 11, Wounds Dozens In North Afghanistan",
hktiri,terrorism,Woman jailed for plotting to bomb St Paul's cathedral in London (ISIS),
hf9gxu,terrorism,Three ISIS hideouts destroyed in Iraq. June 20th 2020," [Airstrikes destroy ISIS mountain training camp, cave hideout in Iraq, coalition says - Middle East - Stripes](https://www.stripes.com/news/middle-east/airstrikes-destroy-isis-mountain-training-camp-cave-hideout-in-iraq-coalition-says-1.634550)"
hdikmx,terrorism,Did Vladimir Putin support anti-Western terrorists as a young KGB officer? Putin has sworn his time as a KGB officer in Dresden was uneventful. There‚Äôs a lot of reason to doubt that claim.,
hbohif,terrorism,Mortar Blast At Afghan Religious School Kills At Least Nine Students,
h9s7kg,terrorism,Taliban falsely claims al Qaeda doesn't exist in Afghanistan,
h79d6b,terrorism,"Dozens of suspected jihadists attacked a frontier post on Ivory Coast's border with Burkina Faso before dawn on Thursday, killing around 10 soldiers",
gd9u76,terrorism,FBI warns conspiracy theories are domestic terrorism threat: report,
g5pcpu,terrorism,Islamist insurgents kill 52 villagers in Mozambique,
fn78no,terrorism,Career intelligence officer to be named acting head of counterterrorism center,
fmjtw7,terrorism,Dozens of Malian soldiers killed in suspected jihadist attack,
flfnb6,terrorism,Paris attacks suspects ordered to stand trial,
f95w4n,terrorism,Kashmir's Islamic State seeks to cash in on Delhi communal violence through new online call to arms - Firstpost,
f8fyhn,terrorism,Israeli fire kills Palestinian trying to plant bomb at Gaza border,
f6w49j,terrorism,Suspected shisha bar gunman published racist manifesto,
ewfdjb,terrorism,Algeria captures man planning suicide attack: defense ministry,
ehdh5f,terrorism,Will China repression of the Uyghur people get the jihadist movements to focus on China than the West?,"Could that happen? Al Qaeda and all other terrorist groups trying to attack China, if they can?"
e64vsd,terrorism,Al-Baghdadi‚Äôs ‚Äòdeputy‚Äô captured in northern Iraq,
dpi4q9,terrorism,"Nobel Peace Prize winner and Yazidi activist Nadia Murad, who was repeatedly raped when held captive by ISIS for 3 months before escaping, calls for ISIS fighters to be tried like the Nazis at Nuremberg. ""Those captured alive need to be brought to justice in an open court for the world to see.""",
djtc9k,terrorism,Mosque bombing kills 62 people in eastern Afghanistan,
b21ytb,terrorism,Hero Abdul Aziz,"It is, without a doubt a difficult thing to comprehend, man‚Äôs inhumanity to man. This weekend, like many in Christchurch, my heart aches with it. I was not personally affected, no one I know was killed but I, and I suspect most people in Christchurch, feel violated and betrayed.

Australian, \[nameless murderer\] killed 49 people in two mosques in Christchurch as they gathered for prayers. \[nameless murderer\] knew that his victims were unarmed. He knew that they were peaceful. A quote from his 78 page manifesto, shows that was the point, ‚ÄúThe unarmed invader is far more dangerous to our people than the armed invader ‚Äù.

I assume that his reference to ‚Äòour people‚Äô is meant to exclude immigrants, Muslims, anyone outside some narrow band of Australian/New Zealand society.

By the way, there is little need to read his manifesto. At worst it is a divisive document inspired by political figures such as Donald Trump and the likes of Australian Senator Fraser Anning. At best it is a cautionary tale about neglecting education and the subsequent rise of ignorance.

As the news broke of the first mosque killings my colleagues and I were shocked. We were locked in our building, listening to news, rumours, and almost disbelieving as the number of casualties rose. Since then the people of Christchurch have struggled with the enormity of the calamity. Today though, I read one story that gives me hope for humanity. It is the story of the man who chased off the gunman, scaring him into the arms of the police.

After \[nameless murderer\] had killed 41 people at Masjid Al Noor Mosque as they gathered for Friday prayers, he proceeded to another mosque in Linwood in the eastern suburbs to continue his killing spree. That is where he met his match. Abdul Aziz was in the Linwood mosque when the shooter opened fire killing 7 more worshipers.

Abdul Aziz, armed only with a credit card machine, ran outside to confront the gunman, yelling ‚ÄúCome here !‚Äù The gunman was forced to return to his vehicle to grab another weapon and then fired at Abdul Aziz, who managed to dodge behind cars. When the gunman returned to his car a second time Abdul Aziz picked up the gunman‚Äôs spent weapon and threw it, smashing the gunman‚Äôs windscreen. The terrified gunman sped away with Abdul Aziz chasing him down the street. A short time later, police forced \[nameless murderer\] off the road and arrested him.

I will remember the name of Abdul Aziz. I will remember and celebrate his bravery. I am glad that he was here. His heroism is an inspiration.

Now, as people all across New Zealand gather for vigils in support of its Muslim community and the families of victims, I would like to ask some questions of anyone as they ponder the issues of immigration: Who would you rather come to New Zealand, \[nameless murderer\] or Abdul Aziz? Who would you prefer to be ‚Äòour people‚Äô? 

[\#HEROABDULAZIZ](https://www.facebook.com/hashtag/heroabdulaziz?source=feed_text&epa=HASHTAG) 

[\#THEYAREUS](https://www.facebook.com/hashtag/theyareus?source=feed_text&epa=HASHTAG)"
9jgxj1,terrorism,Dutch Police Arrest Seven Men Suspected Of Plotting Major Attack,
8ow5a1,terrorism,Mother and two daughters face jail for plotting Isis London terror attacks,
7pw1t4,terrorism,My latest interview with CNBC talking about the general terrorism threat to travellers in 2018,
6zex9r,terrorism,"Congratulations, /r/terrorism! You are Subreddit of the Day!",
11t5a9q,terrorism,"Pakistan Suffers Record Terror-Related Deaths, Afghanistan Registers 58% Drop",
10du2fn,terrorism,Islamist militants kidnapped around 50 women in Burkina Faso,
zzazmg,terrorism,US says it killed nearly 700 Islamic State suspects this year,
z233bw,terrorism,Russia damages almost all Ukrainian thermal and hydroelectric power plants,
ydabvk,terrorism,Gunmen Kill Police Officer Guarding Polio Vaccination Team (Pakistan),
x9ls78,terrorism,"German Court Hands Islamic State Member 10 Years in Prison for Murder, War Crimes",
x2slsn,terrorism,IRA released a statement of their attack in Northern Ireland on August 15.,
vrwyf6,terrorism,Anti-Islamic group leader's car rammed off the road in Norway,
t0o8wu,terrorism,South Africa Sending Fresh Troops to Mozambique to Fight Islamist Insurgents,
rw2cdr,terrorism,Suspected Militant Accused of Beheadings Killed in Indonesia,
rkc71c,terrorism,San Pedro Train Engineer Pleads Guilty to Terrorism Charge for Intentionally Derailing Locomotive Near U.S. Navy Hospital Ship,
riw1et,terrorism,Officials Say Insurgency in Northern Mozambique Is Spreading,
rgkuac,terrorism,Second Deadly Attack On Pakistan's Polio-Eradication Effort In As Many Days,
qwoyxk,terrorism,U.N. envoy says Islamic State now appears present in all Afghan provinces,
qoudhg,terrorism,At least 69 dead in west Niger jihadist attack,
q47wps,terrorism,"IS bomber kills 46 inside Afghan mosque, challenges Taliban: An Islamic State suicide bomber has struck a mosque packed with Shiite Muslim worshippers in northern Afghanistan",
pvxoa2,terrorism,Suicide car bomb targeting convoy in Somali capital kills at least 8,
ppzfqa,terrorism,"New Zealand Friday canceled its cricket tour to Pakistan after a security alert, abandoning the series at the eleventh hour that was planned after 18 years. Pakistani officials say PM Imran Khan spoke over the phone with the New Zealand PM assuring him ""there is no threat.‚Äù",
p0e830,terrorism,Between a Rock and a Hard Place: Counterterrorism and Peacekeeping in the Sahel,
oxs69v,terrorism,"ISIS risk in Europe ‚Äòsignificantly‚Äô reduced, says EU counter-terrorism coordinator",
orpi5r,terrorism,"Suicide attack in Iraq's Sadr City kills at least 35, wounds dozens",
oofiap,terrorism,"As the Taliban surges across Afghanistan, al-Qaeda is poised for a swift return",
oh8bhj,terrorism,Gunmen Kill at Least 45 People in Northwest Nigerian Town,
o2w136,terrorism,It is time to designate Pakistan as a terror sponsor [Op-Ed],
nykeyw,terrorism,Al Qaeda figure tied to kidnappings reported killed in Mali,
nszm4c,terrorism,Armed Attackers Kill 100 Civilians in Burkina Faso Village Raid,
nnrwj6,terrorism,Iranian Agents linked to Terrorist Plot in Sweden against dissidents,
mzc0m9,terrorism,Italian police arrest man suspected of helping 2016 Nice attacker,
muk2hv,terrorism,Key Taliban commander killed in Pakistan's Khyber Pakhtunkhwa,
mi8kbv,terrorism,Tens of thousands feared displaced in deadly (Islamic State) attack on Mozambique gas town,
m36bk9,terrorism,"State Department designates Islamic State in DRC, Mozambique",
ldspr7,terrorism,Mozambique: Escaping 'the land of fear' - Crisis as half a million people flee Islamist insurgency | World News,
kz4b05,terrorism,Two female judges shot dead in Kabul as wave of killings continues,
kyceaw,terrorism,MS-13 'Board of Directors' Charged with Terrorism,
kxnifi,terrorism,"A retired Air Force officer who was part of the mob that stormed the U.S. Capitol last week carried plastic zip-tie handcuffs because he intended ‚Äúto take hostages,‚Äù a prosecutor said in a Texas court.",
kpzz9c,terrorism,"Artificial Intelligence in Counterterrorism and Counterinsurgency, with Retired Gen. Stan McChrystal and Dr. Anshu Roy",
k27d3j,terrorism,Iranian Diplomat Goes On Trial In Belgium Over Bomb Plot,
jvf38k,terrorism,last stand,
jhbodt,terrorism,18 killed in suicide bombing near education centre in Afghan capital,
j98i00,terrorism,"Suspected female Indonesian terrorist, 2 others nabbed in Sulu",
j8oqrb,terrorism,French aid worker describes years in captivity in Mali desert,
iiek8p,terrorism,Registered ISIS terrorist jailed for breaking the law after her release in UK,
icz23h,terrorism,Two Killed In Kabul Bombings After Deadly Rocket Attacks,
i3okkc,terrorism,"IS suicide bomber behind prison attack in Afghanistan reportedly from Kasaragod, Kerala, South India",
hvqq2y,terrorism,What should we do to the IS and Al-Qaeda material hosted on Internet Archive (archive.org),"This is an email I sent to [Internet Archive](https://archive.org/) on 12 July 2020. As of now, I haven‚Äôt received any reply.

>Dear Internet Archive,  
>  
>I've found today some contents of ISIS and Al-Qaeda published on Internet Archive. They are mostly propaganda and old and as much I want such content to be archived somewhere to expose those groups, I still can't accept it to be either brought as ""Similar Item"" while reading not similar item or find it easily accessible through IA (I've googled them and they were also indexed on Google). I just found about this today and I ~~think~~¬†know now this is only the¬†tip of the iceberg.¬†I love Internet Archive and I really¬†can't tolerate for groups terrorized the world and¬†destroyed my country and my life¬†to use it as a hosting platform to share their beliefs and atrocities. I have read about the situation with those contents and your stand on this but please if you won't delete them, don't index them or make them easily findable.  
>  
>**How I found about this:**  
>  
>First, I'm u/yemen_archive on archive.org. I run a website archiving Yemeni Books. I was searching today for The Encyclopedia of Yemen; four volumes book I know it was published on Internet Archive\[1\]. On the ""similar Items"" section of the book page, I found a video that was published by AQAP media a few years ago. I opened the account\[2\] that published it and I found there a whole lot of materials related/published by either ISIS or Al-Qaeda from different accounts. Here are the links (also please see the attached screenshot):  
>  
>\[1\] [https://archive.org/details/abojowain696\_gmail](https://archive.org/details/abojowain696_gmail)  
>  
>\[2\] [https://archive.org/search.php?query=creator%3A%22%D9%83%D8%AA%D9%8A%D8%A8%D8%A9%22](https://archive.org/search.php?query=creator%3A%22%D9%83%D8%AA%D9%8A%D8%A8%D8%A9%22)  
>  
>Let me know if I can help you more with this and thank you for your great platform,

&#x200B;

**For those interested, here are some articles about this:**

[The Dark Side of the Internet Archive (2018) | The Counter Extremism Project](https://www.counterextremism.com/blog/dark-side-internet-archive-0)

[IS propaganda 'hidden on Internet Archive' (2018) | BBC](https://www.bbc.com/news/technology-44112431)

Edit: Some grammar and changed the date from June to July, sorry."
hujsao,terrorism,British volunteer who fought ISIS for three years interviewed,"You might be interested in this interview I did with Macer Gifford, a British volunteer who spent three years fighting ISIS in Syria with the Kurdish YPG. Covers the tactics used by ISIS (drone bombing, armoured suicide car bombs etr), how the Kurds learned to defeat ISIS (including western help) and what captured ISIS fighters were like: [https://www.youtube.com/watch?v=hQOX7hZ5Bc4&t=2450s](https://www.youtube.com/watch?v=hQOX7hZ5Bc4&t=2450s) 

As an aside I'm trying to grow my independent geopolitics related YouTube channel (exclusive interviews, documentaries etr) so very grateful for any subs: [https://www.youtube.com/channel/UCetlUojQbTTi61gUipz0YVg?sub\_confirmation=1&fbclid=IwAR25Zl3vQTd--bS0X1apy2LOy8rbGZqdkVvsJsaxwMY8TChQrLmU-25YdLM](https://www.youtube.com/channel/UCetlUojQbTTi61gUipz0YVg?sub_confirmation=1&fbclid=IwAR25Zl3vQTd--bS0X1apy2LOy8rbGZqdkVvsJsaxwMY8TChQrLmU-25YdLM)"
hgzg2a,terrorism,Afghan Human Rights Body Staff Killed In Kabul Bomb Attack,
hcoiqv,terrorism,"Coordinated blasts kill four in Pakistan, including soldiers",
ggk5d2,terrorism,Six Pakistani Security Personnel Killed In Roadside Bomb Attack,
gbl7x0,terrorism,Report warns of dissidents' 'growing sophistication' (Northern Ireland),
g7mwsm,terrorism,"Eastern Congo militia ambush kills 16, including 12 park rangers",
fz72ti,terrorism,"Pakistan Says 7 Militants, 2 Soldiers Killed Near Afghan Border",
frp94k,terrorism,Some Islamic State militants escape during riot at prison in northeastern Syria,
fphidm,terrorism,US charges Venezuelan leader with 'narco-terrorism',
f1vhao,terrorism,British man guilty of plotting Islamist attack on London sights,
f095kh,terrorism,Britain‚Äôs Boris Johnson Moves to Keep Terrorists Imprisoned,
ey37ln,terrorism,"Militants suspected of blowing up Israel-Egypt gas pipeline, officials say",
ex3vgw,terrorism,Alleged leader of Iraqi al Qaeda group arrested in Arizona,
es7wbh,terrorism,Honduras declares Hezbollah a terrorist organization,
eldbha,terrorism,Teenage British neo-Nazi jailed for planning terrorism attack,
eew27m,terrorism,Turkey is now a haven for terrorists and an enabler of terrorism,
edvn1e,terrorism,France kills 33 militants in Mali raid,
ds6re0,terrorism,Ohio Man Pleads Guilty to Plotting July 4th Attack in Cleveland as Part of Plot to Provide Support to Al Qaeda,
c1c6vq,terrorism,New York Man Sentenced to 20 Years in Prison for Attempting to Join ISIS in Yemen,
bcz81b,terrorism,"Shamima Begum was cruel enforcer in Isil's morality police, say Syrian witnesses",
ar744b,terrorism,Pakistan Has No More Excuses for Supporting Terrorism,
ajt7ck,terrorism,Google Caught Hosting Hezbollah's Violent Android Games,
9esrwl,terrorism,"Taliban Attack Afghan Security Forces in North, Killing 52",
12ba3cj,terrorism,US kills ISIS leader in Syria,
10rzldq,terrorism,next wave of terror attacks,"(Here I'm referring to terrorism that targets western countries and since I'm French, I will focus on France- more on that later). Also, I won't go into details, for an in depth explanation of the origins of global jihad and how it led to ISIS I recommend, for french speakers, ""Le combat vous a √©t√© prescrit"", by Romain Caillet. First wave terrorism was state sponsored (Syrian for example) within the context of politics and influence. Second wave was the Afghan jihad, with Abdullah Azzam, Ben Laden and Zawahiri creating the Al Qaeda organization. I won't go into details, all 3 of them had divergent views on how to deal with the Afghan conflict. Nevertheless, this gave rise to the idea of global jihad: muslims from various countries coming to save their muslim brothers in Afghanistan. So Al Qaeda was clearly a transnational organization willing to fight global jihad against the distant enemy (the USA), not against the close enemy (autoritarian arab regimes). (while Daesh wants to destroy both)

Now back to France.  the Islamic Armed Group that tooks arms to rebel against the regime which didn't allow the FIS (Islamist party that won the elections that were shut down by the Army and led to massive unrests and the formation of a more ruthless fringe of the FIS, the Islamic Armed Group. Eventually they started  targetting FRance because of its close ties with the Algerian establishment. This led to the creation of networks in France plotting terrorist attacks that eventually happened, in 1995. And the people who were involved in this attacks (those who have evaded or gone to prison for a few years to come back more radicalized than ever) are precisely the one (maybe not precisely, but for simplification purposes let's say it is so) who went to Irak in 2003 (I'm talking about radicalized French citizens who wanted to wage a holy war against American). Some of them were later important people in the ISIS hierarchy. 

And the last wave is the 2015 january attacks against Charlie Hebdo and Hyper Cacher, then the horrific killings of nov 14 2015. 

Why am I focusing on France? Because studies show that first of all, the countries with the largets proportion of foreign fighters were France and Belgium, and because French foreign fighter's hate of their country was shown to be much bigger than that of British foreign fighters. There's lots of reasons that could account for that, but that's not the purpose of this post. 

Salafi-jihadism, to quote Gille Kepel's expression, has not disappeared. It is still spreading in prison, were radicalization is skyrocketting, or in a totally different country, the Al Howl camp that seems run by women still attached to ISIS. It's a powder keg. Not to mention all the wilayat (provinces) still attached to ISIS and the ongoing feud between ISIS-K and the Talibans. So yes, the dream of creating a global caliohate (like Daesh wanted, with a terrotorial base) or wage a global war against the far enemy (the US) BEFORE creating an Islamic state (like Ben Laden advised) is not gone. 

What do you think are the hot zones right now and what will be the next wave of terrorism?"
zfqegf,terrorism,Somalia army liberates strategic town from Al-Shabaab terrorists,
yo8hzm,terrorism,Suicide Bomb Blast in Somali Capital Kills Several People,
yknh6e,terrorism,U.S. Capitol Police to conduct internal review over missed camera images of Pelosi attack,
ybs8ed,terrorism,8 killed in Somalia as militants attack port city hotel,
y9wofd,terrorism,Suspect in Charlie Hebdo Attack Gets Life Sentence on Appeal,
y8qyjn,terrorism,Pentagon says terror attacks in Africa increased 300% over last decade,
xtplue,terrorism,"Pakistan's largest bank HBL facing liability in US lawsuit alleging terror financing involving Al-Qaeda, Taliban, Haqqani network and TTP",
xosyw2,terrorism,At Least 15 Killed in Russian School Shooting,
xlm0zd,terrorism,Governor Abbott Designates Mexican Cartels As Terrorist Organizations,
wqfhlu,terrorism,US Airstrike Kills 14 al-Shabaab Militants in Somalia - Soldier of Fortune Magazine,
vpelcm,terrorism,It‚Äôs Time to Designate Wagner Group as a Foreign Terrorist Organization,
vllc7y,terrorism,Norway: Suspect in Pride Month 'Islamist terror act' won't talk to police,
v1d21b,terrorism,More Than a Dozen Civilians Killed in DR Congo Massacre,
txkspi,terrorism,"American nun, 83, kidnapped by armed men in northern Burkina Faso",
tpl6sm,terrorism,"Man and 2 teens planned ISIS-inspired killings at Chicago mosque during spring break, FBI says: The defendants allegedly wanted to ""murder all the adults"" at a Shia Muslim mosque.",
sgdwqc,terrorism,"Attack In Northwest Pakistan Kills One Christian Priest, Leaves Another Injured",
sfqubv,terrorism,Feds: Kansas woman led all-female Islamic State battalion,
s76tip,terrorism,"Four people killed, 10 hurt in suicide blast in Somali capital",
s5ngt8,terrorism,British synagogue terrorist's family apologise to hostages and reveal they spoke with him during siege,
rv52w7,terrorism,"Italian police have arrested a Pakistani citizen who allegedly glorified jihadist groups such as the Tehrik-i-Taliban Pakistan (TTP) and incited violence on social networks, in Urdu. The man, 31, was waiting for the enforcement of a deportation order.",
rb2jik,terrorism,The Taliban are losing the fight against Islamic State,
qyhczl,terrorism,Car Bomb Kills Popular Broadcast Journalist in Somalia,
qu3emt,terrorism,"Suspected Insurgents Kill Indian Army Colonel, Wife, Son, 4 Soldiers",
q5kkqk,terrorism,"Extremists target African village leaders in wave of assassinations: Groups affiliated with Islamic State and al Qaeda are killing and kidnapping elder statesmen and their families in villages across Niger, Mali and Burkina Faso",
pd606o,terrorism,Why Terrorists Will Target China in Pakistan,
p90g9a,terrorism,"No, Mr President. Al-Qaeda Is Not ‚ÄòGone‚Äô From Afghanistan. - The Taliban has freed many al-Qaeda fighters in jailbreaks. And then there‚Äôs the Haqqani Network.",
ofn3bm,terrorism,"Jihadi groups in Africa could become ‚Äòthreat to the West‚Äô, says analyst",
nwsc20,terrorism,Blast kills at least 61 al-Shabaab fighters in a warehouse | Africanews,
nkpm6f,terrorism,Peru: Shining Path splinter group kills 14 in pre-election jungle massacre | Peru,
nf1ppn,terrorism,What are the worst terrorist attacks by country? (Informational post),"What are the worst terror attacks in every (if possible) country by death toll? The ones I know for the obvious ones are:

United States Of America: 9/11

France: 2015 November Paris Attacks

Russia: 2004 Beslan School Siege

New Zealand: Christchurch Mosque Shootings

Spain: 2004 Madrid Train Bombings

India: Mandai Massacre

Germany: Munich Massacre (1972)

Australia: Sydney Hilton Hotel Bombing

Japan: Tokyo Subway Sarin Attack

Finland: 2017 Turku Attack

Tunisia: 2015 Sousse Attacks

Norway: 2011 Norway Attacks

UK: Pan Am Flight 103

Iraq: Camp Speicher Massacre "
n8nmgh,terrorism,Gunmen kill seven Nigerian police officers in oil state attacks,
mxsfcy,terrorism,Man Pleads Guilty to Attempting to Provide Material Support to Foreign Terrorist Organizations - Defendant Planned to Travel to Syria to Wage Violent Jihad,
mwji2n,terrorism,Choosing defeat in Afghanistan - America‚Äôs many enemies will be encouraged and emboldened,
mbsuq1,terrorism,"Boulder, Colo., Shooting Live Updates: Suspect Charged With 10 Counts of Murder",
lwcygn,terrorism,3 Female Media Workers Shot to Death in Nangarhar,
lp9dat,terrorism,Afghanistan: 2 Killed in Kabul Blast During Peak Traffic Time,
lnwt0i,terrorism,Russia detains 19 militants planning attacks: security service,
lms9vr,terrorism,Eight Killed in Attack in Northern Burkina Faso,
lk9rfg,terrorism,The deadly link between San Bernardino and Pakistan,
ljseng,terrorism,Chad reinforces troops against militants in Sahel as France mulls changes,
kkv3qs,terrorism,Roadside bomb kills prison doctors in Afghan capital,
kdb0y0,terrorism,"UN agency says more than 400,000 flee Mozambique militant attacks",
k5s5mk,terrorism,Islamic State increases attacks in Iraq‚Äôs Sunni areas,
ji7ntn,terrorism,"Shunted off Facebook, Indonesia's Islamists turn to Instagram",
jfk5tq,terrorism,Mass grave of Iraqis killed by ISIS terrorists unearthed in Kirkuk,
jdph2u,terrorism,France to expel 231 suspected extremists after attack on teacher,
jdn8fd,terrorism,Concerns Mount as US Seen Downplaying Al-Qaida Threat in Afghanistan,
ir0gr1,terrorism,How United Flight 93 Passengers Fought Back on 9/11: The cockpit voice recorder captured the sound of passengers attempting to break through the door.,
ilixyq,terrorism,U.S. isolated as it vetoes U.N. resolution on foreign militants,
i401ti,terrorism,Terror financing to ISIS and Taliban by tech company employees in Pakistan.,
i3d8fw,terrorism,Leftist Terrorism vs. Right-Wing Terrorism,"The Bologna Massacre happened 40 years ago on Sunday. We just published an [article](https://ammo.com/articles/italian-years-of-lead-strategy-of-tension-foreshadow-america-future-civil-war) about it, but one quote by Italy's Christian Democratic Prime Minister Francesco Cossiga struck me in particular:

*""Unlike leftist terrorism, which strikes at the heart of the state through its representatives, right-wing terrorism prefers acts such as massacres because acts of extreme violence promote panic and impulsive reactions.""*

Is this true? I mean, there are exceptions like McVeigh who definitely did target the state, but for the most part is Cossiga right about two different types of terrorism?"
hopr1x,terrorism,US court orders Iran to pay $879 mln to Saudi Arabia's Khobar bombing survivors,
gq2iuk,terrorism,Attackers Kill Two Officials At Eid Celebration In Northwest Pakistan,
gasepg,terrorism,"After U.S., Israeli pressure, Germany bans Hezbollah activity, raids mosques",
g6fha2,terrorism,Spain catches rapper who became Islamic State fighter,
fvx9jj,terrorism,ISIS attacks positions of regime forces and loyalists in Deir Ezzor desert leaving many casualties,
ft4u6w,terrorism,"'ISIS terrorists' likely to target police personnel deployed on COVID-19 duty, warn Delhi Police",
fg9lk8,terrorism,Muslim Brotherhood scheme targeting Egypt foiled.,
fbuc38,terrorism,The west ignores the growth of Islamic insurgents in Africa at its peril,
f3wsu7,terrorism,"The Inconvenient Truth About ISIS - The group is even bigger now, and America‚Äôs conflict with Iran is only making the fight against it more complicated",
evjyt6,terrorism,The Turkmen connection to Islamic State's new leader,
ertiy7,terrorism,New IS leader's identity revealed as scholar who led Yazidi genocide,
ejtpte,terrorism,French police shoot man dead near Paris after fatal stabbing,
e498id,terrorism,Thank you UK. You‚Äôre heroes,"I‚Äôm a 20 year retired Air Force vet and wanted to say thank you to those wonderful people London for what you did. I‚Äôve deployed, I‚Äôm worked with multiple countries including the UK and the camaraderie was amazing. Love you all. Stay safe, stay vigilant and don‚Äôt let those fuckers win, ever."
dynrxh,terrorism,American hostage released in Afghanistan after 3 years in captivity l ABC News,
dq7q9i,terrorism,Pay More Attention to the Women of ISIS: Many are victims of the terrorist group. But others have demonstrated their resolve to use violence and seek revenge for the Caliphate.,
dmnje8,terrorism,Denmark approves stripping IS fighters of citizenship,
ddhqjp,terrorism,US offering $5 million bounty for attackers responsible for deadly Niger ambush that killed 4 soldiers,
d4se6e,terrorism,West African leaders pledge $1 billion to fight Islamist threat,
b19g3x,terrorism,"Gunmen storm mosques in Christchurch, dozens feared dead in multiple shootings",
as5tkp,terrorism,Kashmir Militants Kill Again as Trouble Grows Between India and Pakistan,
amy84q,terrorism,Five Abu Sayyaf members surrender over Philippine church bombing,
am7awo,terrorism,Americans who thwarted train terror attack become French citizens,
ag5i42,terrorism,How the US and China collaborated to get nuclear material out of Nigeria ‚Äî and away from terrorist groups,
9vmrxv,terrorism,"Bourke Street Melbourne, lone attacker is shot by police.",
8quyzb,terrorism,Boko Haram burns Catholic catechetical building in Nigeria,
8dalfq,terrorism,Palestinian with truck carrying explosives for 'Independence Day terror attack' arrested,
11plp8o,terrorism,Suspected Islamist militants kill 19 in another village raid in east Congo,
11nrlo0,terrorism,Islamist militants kill at least 25 in Nigeria's Borno state,
11djiqk,terrorism,Israeli military calls settler attacks on Palestinians 'actions of terror' after weekend of violence,
10hlz6f,terrorism,7 charged with domestic terrorism after deadly shooting near proposed Atlanta police training facility,
z469ep,terrorism,Russia planned to attack Japan in 2021: leaked FSB letters,
z2m8ir,terrorism,Twin blasts in Jerusalem kill one in suspected Palestinian attack,
xsx1y3,terrorism,UN Raises Kabul Classroom Bombing Death Toll to 35 as Women Protest 'Genocide',
xacri3,terrorism,"Ukraine war: Body of captured British aid worker Paul Urey returned with signs of unspeakable torture, Kyiv says | UK News",
x53vi2,terrorism,Putin‚Äôs Private Army Accused of Committing Their Most Heinous Massacre Yet,
x4pe7z,terrorism,The rise of Jihadi prison gangs,
wtmc6e,terrorism,More Than 20 Dead in Terrorists‚Äô Siege of Mogadishu Hotel: Al Qaeda-affiliated militants claimed responsibility for attack on Hayat Hotel in Somalia‚Äôs capital,
wdbsvv,terrorism,Former Irish soldier Lisa Smith sentenced to 15 months in jail for membership of ISIS,
w48cpr,terrorism,"Al Qaeda, IS gaining strength in Afghanistan: UNSC report",
w12491,terrorism,Jihadists kill dozens across northern Togo,
vbc8i1,terrorism,USA: Coeur d' Alene Idaho: Sheriffs Have Released The Names Of 31 Patriot Front Members Who Were Arrested At A LGBTQ+ Pride Event In Idaho,
ux075p,terrorism,Do we have any evidence of how ISIS treats members who make important mistakes? For example an error in executing an operation.,
ucw2ts,terrorism,The Islamic State,"While this may be a rather broad question to answer, in what ways do you believe the Islamic State has changed what we know as modern terrorism?"
roe74d,terrorism,"At Least 6 Killed, 10 Wounded in Twin Attacks in Niger",
re9fka,terrorism,Gaza Militant Group Raises Funds via Cryptocurrency for Jihad Against Israel,
q80wot,terrorism,Violence surges in Pakistan's tribal belt as Taliban and IS-K go on attack - BBC News,
ptjimp,terrorism,Unfriending Pakistan: A reconsideration of the relationship is long overdue,
p22jui,terrorism,Chad: Dozens of soldiers dead after jihadi attack - Chadian soldiers were attacked while patrolling the volatile Lake Chad region. Both Boko Haram and the Islamic State West Africa Province (ISWAP) are active in the area.,
owkiph,terrorism,Mastermind Behind Deadly 2019 Kashmir Attack Killed in Shootout -Indian Police,
lviwg8,terrorism,Glasgow woman preventing weapons from the Balkans falling into terrorists' hands,
lpmugt,terrorism,How did you get into a job involving counter-terrorism?,"Does anyone here have a job, or are studying to work in counter-terrorism? If so, what did/are you study and what is your aspiring job?"
li029v,terrorism,Twenty U.N. peacekeepers wounded in central Mali attack,
lgdvw2,terrorism,Hacker tries to poison water supply of Florida city,
kw2lxh,terrorism,Afghan forces foil IS plan to assassinate top US envoy,
ktgrc3,terrorism,"At least 13 dead as suicide bomber, gunmen attack town in Cameroon",
ko48hl,terrorism,Turkish police detain Islamic State suspects,
kbfieg,terrorism,Hezbollah man convicted in 2005 Hariri bombing sentenced to five life terms in prison,
k7n0s1,terrorism,Islamic State Hind Province‚Äôs Kashmir Campaign and Pan-Indian Capabilities,
k06ukm,terrorism,Europe's Cartoon Row Beheading Forces Singapore to Launch Intense Investigation Including Migrants,
jslugp,terrorism,"Austria Arrests 30 in Anti-Terrorism Raids, Says No Link to Vienna Attack",
jj337z,terrorism,"Secretary-General Of International Union of Muslim Scholars, 'Ali Al-Qaradaghi, Resumes Jihadi Incitement: Claims Murder Of French Teacher Was Staged By French Authorities And Real Killer Is Still Alive",
jivnje,terrorism,"At least 7 killed, 70 injured in blast at madressah in Peshawar's Dir Colony",
jhtaay,terrorism,Jihadi Insurgency in Mozambique Grows in Sophistication and Reach,
jclvs3,terrorism,Teacher killed in France after showing class caricatures of Muhammad,
iqhbmn,terrorism,"Afghan Vice President Amrullah Saleh survives bomb blast, at least 10 killed",
iaxkie,terrorism,"5 dead, at least 28 wounded after gunmen storm Mogadishu hotel",
hzwq1w,terrorism,Germany arrests ISIS woman who abused Yezidi woman in Syria,
hxmovv,terrorism,Portland: Rioters Set Fire to Federal Courthouse,
h79aih,terrorism,"Norway mosque shooter jailed for 21 years for murder, anti-terrorism offence",
h0n0rj,terrorism,Two Pakistani Troops Killed In North Waziristan Bomb Attack,
gyfxj0,terrorism,"4 terrorists & Top commander of Hizbul killed In Shopian, South Kashmir",
gmn5hw,terrorism,Trial of 'RAW Agent' in German Court Casts Spotlight on India's Secret War Against Khalistan Terror in Europe,
geftnv,terrorism,Quick question: why is isis and aq fighting each other in asia but get along in west africa?,"since the tongo tongo ambush, or maybe before then, aq affiliated groups decide to team up with the ‚Äúprovinces‚Äù although their salafism is too extreme for aq which is why baghdadi said fuck you to zawahiri. thats why aq factions and isis were going head to head in iraq, the levant and yemen, which are also 4 way wars due to iran being involved in those places as well. jamat al muslimin, isgs, iswap and ansar ul islam are all buddy buddy for some reason despite their differences"
gbi6ms,terrorism,Albania Detains Tajik Terror Suspect Wanted In Germany,
gac9ma,terrorism,Mozambique forces killed over 100 Islamist insurgents in past month,
fy10w2,terrorism,"Chad's army says 52 soldiers, 1,000 Boko Haram fighters killed in operation",
